{"cameraMode":{"drawMode":0,"name":"Shaded","section":"Shading Mode"},"sceneLighting":true,"audioPlay":false,"sceneViewState":{"showFog":true,"showMaterialUpdate":false,"showSkybox":true,"showFlares":true,"showImageEffects":true,"showParticleSystems":true},"in2DMode":false,"pivot":{"x":54.54437255859375,"y":-122.20137023925781,"z":-94.59561157226563},"rotation":{"x":-0.021032998338341714,"y":0.8923048377037048,"z":-0.04179897904396057,"w":-0.44900190830230715},"size":146.7403564453125,"orthographic":false}